"","df","AICc"
"A1",3,554.183682706122
"A2",4,553.295342072661
"A3",5,546.963465054643
"A4",3,478.53788897654
"A5",4,471.06445558244
"A6",5,471.073417312043
